id_direccion,calle,numero_puerta,localidad,departamento,codigo_postal,latitud,longitud,te_voip,letra_zona
"1","MAESTRA ACIAR Y MAESTRO ANEA","S/N","CAMPO AFUERA","ALBARDON","5419","-31.4223061","-68.5461207","4307748","S"
"2","BELGRANO","1850","VILLA SAN MARTIN","ALBARDON","5419","-31.4382656","-68.5219123","4307753","S"
"3","LOZANO ","S/N","EL TOPON","ALBARDON","5419","-31.4248844","-68.488803","4307798","S"
"4","GENERAL ACHA ","S/N","LA CANADA","ALBARDON","5419","-31.4441301","-68.4745589","4307763","S"
"5","LA LAJA","2523","LAS LOMITAS","ALBARDON","5419","-31.4147926","-68.4926974","4307744","S"
"6","LA LAJA","6903","LAS PIEDRITAS","ALBARDON","5419","-31.3781646","-68.4753671","4307761","S"
"7","COMANDANTE CABOT ENTRE CANAL NORTE Y FERMIN MONLA","S/N","LAS TAPIAS","ALBARDON","5419","-31.457353","-68.5649523","4307743","S"
"8","RINCON Y ESQUIU","S/N","OBISPO ZAPATA","ALBARDON","5419","-31.4434096","-68.5438821","4307760","S"
"9","LAS HERAS Y HUARPES","S/N","LAS TIERRITAS","ALBARDON","5419","-31.3679158","-68.4393488","4307764","S"
"10","RAWSON ENTRE CALLES LA PAZ Y NACIONAL","1850","VILLA SAN MARTIN","ALBARDON","5419","-31.4344873","-68.5270326","4307759","S"
"11","CALLE NACIONAL","1221","VILLA SAN MARTIN","ALBARDON","5419","-31.4288871","-68.5108114","4307755","S"
"12","ESMERALDA Y PROYECTADA","S/N","ALBARDON","ALBARDON","5419","-31.4316683","-68.4943972","4307756","S"
"13","NACIONAL","2951","VILLA SAN MIGUEL","ALBARDON","5419","-31.4277722","-68.5290596","4307765","S"
"14","SANTA ELENA ENTRE RP 87 Y ESTACIoN JUAN JUFRE","S/N","EL ALAMITO","ANGACO","5415","-31.45666","-68.3415718","4307738","S"
"15","EL BOSQUE  ENTRE CAMPODONICO Y ROSENTAL","S/N","EL BOSQUE","ANGACO","5415","-31.4436342","-68.2820492","4307740","S"
"16","OLIVERA  ENTRE BOSQUE Y PLUMERILLO","S/N","PLUMERILLO","ANGACO","5415","-31.4355558","-68.3812141","4307736","S"
"17","AGUILERA ","S/N","LA CANADA","ANGACO","5415","-31.4422725","-68.4520852","4307887","S"
"18","21 DE FEBRERO ENTRE NACIONAL Y OLIVERA","S/N","LAS TAPIAS","ANGACO","5415","-31.4070861","-68.3830715","4307733","S"
"19","PINCHAGUAL ENTRE 21 DE FEBRERO Y VELAZQUEZ","S/N","EL BOSQUE","ANGACO","5415","-31.4085043","-68.2992327","4307739","S"
"20","RUTA NACIONAL EVA PERON","S/N","PUNTA DEL MONTE","ANGACO","5415","-31.392908","-68.3957524","4307869","S"
"21","JUAN JUFRE Y SANTA MARIA DE ORO","S/N","VILLA DEL SALVADOR","ANGACO","5415","-31.4544187","-68.4032372","4307715","S"
"22","RUTA PROVINCIAL 412 KM 135","S/N","CALINGASTA","CALINGASTA","5403","-31.3342422","-69.4242236","4302365","T"
"23","RUTA Nº 412 KM. 135","S/N","ALCAPARROSA","CALINGASTA","5403","-31.3027676","-69.4128043","4307876","T"
"24","RUTA PROVINCIAL 406","S/N","ALTO CALINGASTA","CALINGASTA","5403","-31.3573047","-69.4460583","4307716","T"
"25","HIPOLITO IRIGOYEN ENTRE M. MORENO Y PTE. ROCA","145","BARREAL","CALINGASTA","5403","-31.6648931","-69.4824772","4307728","T"
"26","CALLE LAS HORNILLAS","S/N","LAS HORNILLAS","CALINGASTA","5403","-31.7051318","-69.4924557","4307729","T"
"27","SAN MARTIN ","S/N","BARREAL","CALINGASTA","5403","-31.6501187","-69.4739873","4307735","T"
"28","PRESIDENTE ROCA","2148","BARREAL","CALINGASTA","5403","-31.6226472","-69.4655044","4307799","T"
"29","RUTA NACIONAL N° 149","S/N","COLON","CALINGASTA","5403","-31.4280977","-69.4079943","4307737","T"
"30","RUTA NACIONAL N° 149","S/N","HILARIO","CALINGASTA","5403","-31.4786609","-69.4022372","4307875","T"
"31","RUTA NACIONAL N° 149","S/N","LA ISLA","CALINGASTA","5403","-31.3807857","-69.4160734","4307866","T"
"32","RUTA PROVINCIAL 412 ","S/N","PUCHUZUM","CALINGASTA","5403","-31.1374661","-69.4699205","4307871","T"
"33","PRESIDENTE ROCA","S/N","SOROCAYENSE","CALINGASTA","5403","-31.5576477","-69.4422176","4307762","T"
"34","FLORIDA ","98","TAMBERIAS","CALINGASTA","5403","-31.4770917","-69.4243913","4307745","T"
"35","SARMIENTO","41","TAMBERIAS","CALINGASTA","5403","-31.4573854","-69.4218456","4307731","T"
"36","RUTA PROVINCIAL N° 412 ","S/N","VILLA CORRAL","CALINGASTA","5403","-31.2518835","-69.4459786","4307870","T"
"37","RUTA PROVINCIAL N° 412 ","S/N","VILLA NUEVA","CALINGASTA","5403","-31.0546019","-69.4937773","4307872","T"
"38","GENERAL PAZ","1049","VILLA DEL CARRIL","CAPITAL","5400","-31.5427748","-68.5409464","4307543","A"
"39","AV. ALEM ","650","CAPITAL","CAPITAL","5400","-31.5279936","-68.5339959","4307532","A"
"40","SANTA FE ENTRE TUCUMAN Y AV.RIOJA","252","CAPITAL","CAPITAL","5400","-31.538747","-68.5220713","4302167, 4307581, 4307701","B"
"41","ALBERDI","175","CONCEPCION","CAPITAL","5400","-31.5260136","-68.5241868","4307845","B"
"42","AV. ESPANA","1420","TRINIDAD","CAPITAL","5400","-31.5524823","-68.5327831","4307547","C"
"43","AV. LIBERTADOR SAN MARTIN","381","CAPITAL","CAPITAL","5400","-31.5343871","-68.5312527","4307549","C"
"44","ESTADOS UNIDOS","500","CAPITAL","CAPITAL","5400","-31.5406931","-68.5113321","4302283","P"
"45","AV. L. N. ALEM","31","CAPITAL","CAPITAL","5400","-31.5352019","-68.5321763","4307577","B"
"46","SAN LUIS","626","CAPITAL","CAPITAL","5400","-31.5322303","-68.5172446","4307512","A"
"47","AV. IGNACIO DE LA ROSA","325","CAPITAL","CAPITAL","5400","-31.5322303","-68.5172446","4307566","B"
"48","GENERAL ACHA","426","CAPITAL","CAPITAL","5400","-31.5239609","-68.52394406","4302183","C"
"49","PARAGUAY","899","CONCEPCION","CAPITAL","5400","-31.5393812","-68.5150785","4307576","C"
"50","BELGRANO ENTRE AV. RIOJA Y TUCUMAN","250","CAPITAL","CAPITAL","5400","-31.5447321","-68.5215259","4302240, 4307572, 437669","A"
"51","RIVADAVIA","330","CAPITAL","CAPITAL","5400","-31.5371185","-68.5304721","4307563","A"
"52","LAS HERAS","520","CAPITAL","CAPITAL","5400","-31.5416321","-68.5376248","4307568","A"
"53","SALVADOR MARIA DEL CARRIL Y CIRCUNVALACION","S/N","CONCEPCION","CAPITAL","5400","-31.5199245","-68.5338872","4307534","C"
"54","AV. RAWSON","420","CAPITAL","CAPITAL","5400","-31.5395567","-68.5130146","4307503","C"
"55","MARIANO MORENO Y R. BACA","S/N","TRINIDAD","CAPITAL","5400","-31.5455385","-68.5115291","4307567","B"
"56","AV. LIB. S. MARTIN ENTRE SARMIENTO Y ENTRE RIOS","158","CAPITAL","CAPITAL","5400","-31.5345378","-68.5282193","4307528","C"
"57","GUEMES","146","CAPITAL","CAPITAL","5400","-31.5317834","-68.5164894","4307536","C"
"58","25 DE MAYO","1057","CAPITAL","CAPITAL","5400","-31.530211","-68.5418708","4307533","C"
"59","VIRGEN DE LOURDES","1530","B° S.M.A.T.A.","CAPITAL","5400","-31.5146101","-68.554718","4307115","A"
"60","DR. AGUSTO ECHEGARAY ","2364","DESAMPARADOS","CAPITAL","5400","-31.5270388","-68.5646721","4307542","C"
"61","TUCUMAN","1633","CAPITAL","CAPITAL","5400","-31.5143617","-68.5240459","4307602","C"
"62","MARY O´GRAHAM","71","B° CABOT","CAPITAL","5400","-31.5113486","-68.529373","4302122","C"
"63","LAPRIDA","1599","DESAMPARADOS","CAPITAL","5400","-31.5346496","-68.54959967","4307518","C"
"64","SALTA","1279","CONCEPCION","CAPITAL","5400","-31.5195209","-68.536742","4307535","C"
"65","SAN LORENZO","281","CONCEPCION","CAPITAL","5400","-31.5184438","-68.5244521","4307524","C"
"66","SATURNINO SALAS","1285","CONCEPCION","CAPITAL","5400","-31.5175771","-68.5148545","4302450","C"
"67","DEL BONO","348","CAPITAL","CAPITAL","5400","-31.5331979","-68.5577268","4307552","A"
"68","PAULA A. DE SARMIENTO","196","DESAMPARADOS","CAPITAL","5400","-31.5274887","-68.5549988","4307817","A"
"69","SARGENTO CABRAL","1734","DESAMPARADOS","CAPITAL","5400","-31.5201305","-68.5555699","4307536","C"
"70","GENERAL ACHA","1836","TRINIDAD","CAPITAL","5400","-31.5584351","-68.5219086","7302250","C"
"71","AGUSTIN GOMEZ","163","TRINIDAD","CAPITAL","5400","-31.5529041","-68.5218881","4307506","C"
"72","PATRICIAS SANJUANINAS","1126","TRINIDAD","CAPITAL","5400","-31.5469659","-68.5125489","4307538","C"
"73","ABRAHAM TAPIA Y CIRCUNVALACION","S/N","TRINIDAD","CAPITAL","5400","-31.5543494","-68.5194407","4307526","C"
"74","BENJAMIN AGUILAR","255","TRINIDAD","CAPITAL","5400","-31.5473463","-68.5279463","4307529","C"
"75","SATURNINO SARASSA","1425","CAPITAL","CAPITAL","5400","-31.5517277","-68.5415162","4272388","B"
"76","URQUIZA ","182","CAUCETE","CAUCETE","5442","-31.6534866","-68.2820104","4307893","F"
"77","9 DE JULIO","964","CAUCETE","CAUCETE","5442","-31.65427","-68.273848","4302146","F"
"78","CORONEL CABOT Y J. J. BUSTO","S/N","CAUCETE","CAUCETE","5442","-31.4765609","-67.3031857","4307998","F"
"79","IVISORIA  ENTRE CALLE 20 Y RUTA PROV. 270 ","S/N","CAUCETE","CAUCETE","5442","-31.7038054","-68.2942406","4307946","F"
"80","BERMEJO ","S/N","LAGUNA SECA BERMEJO","CAUCETE","5442","-31.589197","-67.6604747","4302156","F"
"81","6 DE AGOSTO Y CHACO ","S/N","CAUCETE","CAUCETE","5442","-31.645411","-68.2899949","4307897","F"
"82","JUAN JOSE BUSTOS","904","CAUCETE","CAUCETE","5442","-31.6579699","-682748978","4302509","F"
"83","BUENOS AIRES","S/N","EL RINCON","CAUCETE","5442","-31.6695987","-68.31862","4307895","F"
"84","RUTA 141 KM. 62 ","S/N","LA PLANTA","CAUCETE","5442","-31.4765667","-67.3031057","4302139","F"
"85","ENFERMERA MEDINA - LAS TALAS","S/N","LA PUNTILLA","CAUCETE","5442","-31.6016216","-68.2903107","4307970","F"
"86","JUAN LAVALLE ","S/N","LA PUNTILLA","CAUCETE","5442","-31.5925854","-68.3046788","4307971","F"
"87","BARTOLOME MITRE ","S/N","LAS CHACRAS","CAUCETE","5442","-31.2796841","-67.5276484","No registrado","F"
"88","LAS LIEBRES ","S/N","LAS LIEBRES","CAUCETE","5442","-31.8886557","-66.8930197","No registrado","F"
"89","JUAN JOSE BUSTOS ","S/N","LOS MEDANOS","CAUCETE","5442","-31.6279078","-68.2683528","4302185","F"
"90","PATRICIAS SANJUANINAS ","S/N","LOS MEDANOS","CAUCETE","5442","-31.6409971","-68.2365632","4307894","F"
"91","COLON Y RUTA N° 270","S/N","LOTES DE ALVAREZ","CAUCETE","5442","-31.6677855","-68.2925554","4307891","F"
"92","PASO DE LOS ANDES ","S/N","MARAYES","CAUCETE","5442","-31.4611018","-67.3522416","4302150","F"
"93","SAN LORENZO","S/N","PIE DE PALO","CAUCETE","5442","-31.6633866","-68.2209733","4307890","F"
"94","COLON ","S/N","POZO DE LOS ALGARROBOS","CAUCETE","5442","-31.6786902","-68.2311153","4302215","F"
"95","PASO DE LOS ANDES ","S/N","POZO DE LOS ALGARROBOS","CAUCETE","5442","-31.6920233","-68.2219392","4307979","F"
"96","RUTA 141 KM. 62 ","S/N","VALLECITO - PARAJE DIFUNTA CORREA","CAUCETE","5442","-31.7366426","-67.9840852","4302149","F"
"97","SAN LORENZO Y PEDRO ECHAGUE","S/N","LOS MEDANOS","CAUCETE","5442","-31.6237884","-68.6237884","4307894","F"
"98","BENAVIDEZ","6195","VILLA UNION","CHIMBAS","5413","-31.5103906","-68.6047773","4178346","S"
"99","AMEGHINO","774","B° PARQUE INDEPENDENCIA","CHIMBAS","5413","-31.5059627","-68.5224981","4302073","S"
"100","URQUIZA","52","B° LAPRIDA","CHIMBAS","5413","-31.510463","0","4307624","S"
"101","TUCUMAN","343","CHIMBAS","CAPITAL","5413","-31.529707345290394","-68.52342464715562","4302174","S"
"102","AV. BENAVIDEZ","4771","B° LOS ALERCES","CHIMBAS","5413","-31.5101647","-68.5860728","4307615","S"
"103","BELGRANO Y PATAGONIA","S/N","Bº LOS PINOS","CHIMBAS","5413","-31.5089587","-68.5946658","4307847","S"
"104","NEUQUEN","S/N","Bº LOS TAMARINDO","CHIMBAS","5413","-31.5066594","-68.5521968","4307625","S"
"105","25 DE MAYO","2770","B° PARQUE INDUSTRIAL","CHIMBAS","5413","-31.4985472","-68.5645556","4307652","S"
"106","NECOCHEA","1514","CHIMBAS","CHIMBAS","5413","-31.5009549","-68.5084213","4307850","S"
"107","MENDOZA","2371","CHIMBAS NORTE","CHIMBAS","5413","-31.4843583","-68.5315594","4307623","S"
"108","ORATORIO","S/N","EL MOGOTE","CHIMBAS","5413","-31.4911075","-68.4751883","4307843","S"
"109","FERNANDEZ BARRIENTO Y ARENALES","S/N","EL MOGOTE","CHIMBAS","5413","-31.4812278","-68.4923805","4307819","S"
"110","CENTENARIO","2615","VILLA MARIA","CHIMBAS","5413","-31.480297","-68.5201084","4307622","S"
"111","SARGENTO CABRAL","S/N","VILLA MORRONE","CHIMBAS","5413","-31.5066023","-68.5632178","4307650","S"
"112","RASTREADOR CALIVAR","553","VILLA OBRERA","CHIMBAS","5413","-31.504181","-68.5991415","4307649","S"
"113","AGUSTIN GOMEZ Y BLAS PARERA","S/N","VILLA OBSERVATORIO","CHIMBAS","5413","-31.50976","-68.6180604","4307820","S"
"114","PRINCIPAL","S/N","COLANGUIL","IGLESIA","5467","-30.031471","-69.2914033","4302157","L"
"115","SAN MARTIN","1584","ANGUALASTO","IGLESIA","5467","-30.0544324","-69.1733909","4302125","L"
"116","BAUCHACETA","S/N","BAUCHACETA","IGLESIA","5467","-30.5107333","-69.46010824","4302148","L"
"117","PRINCIPAL","S/N","BELLA VISTA","IGLESIA","5467","-30.4323312","-69.2401616","4302147","L"
"118","GONZALEZ","S/N","COLOLA","IGLESIA","5467","-30.1921283","-69.1069788","4302109","L"
"119","SARMIENTO ","S/N","LAS FLORES","IGLESIA","5467","-30.3218668","-69.2043627","4302270","L"
"120","SANTO DOMINGO","4125","RODEO","IGLESIA","5467","-30.2117131","-69.1366418","432116","L"
"121","IBAZETA Y COLONIA ","S/N","RODEO","IGLESIA","5467","-30.2100968","-69.1619292","4307986","L"
"122","SAN ROQUE","S/N","TUDCUM","IGLESIA","5467","-30.1902064","-69.2709256","4302095","L"
"123","PRINCIPAL ","S/N","VILLA IGLESIA","IGLESIA","5467","-30.4143572","-69.2226879","4302087","L"
"124","RAWSON","843","SAN JOSE DE JACHAL","JACHAL","5460","-30.2462711","-68.7457019","4302045","G"
"125","CALLE SAN JUAN ","S/N","SAN JOSE DE JACHAL","JACHAL","5460","-30.2403947","-68.7498387","4302088","G"
"126","GRAL. ACHA Y AGUSTIN GOMEZ","S/N","SAN JOSE DE JACHAL","JACHAL","5460","-30.2395592","-68.7418319","4307900","G"
"127","RUTA NACIONAL 150 KM.3","S/N","PACHIMOCO","JACHAL","5460","-30.2252542","-68.7633947","4302052","G"
"128","CHUBUT Y ENTRE RIOS  ","S/N","Bº FRONTERAS ARGENTINAS","JACHAL","5460","-30.2449444","-68.7317669","4302069","G"
"129","EX-RUTA 40 ","S/N","NIQUIVIL","JACHAL","5460","-30.3996733","-68.6946359","4302067","G"
"130","PROLONGACION MARTIN FIERRO ","S/N","BOCA DE LA QUEBRADA","JACHAL","5460","-30.1497977","-68.6612904","4302038","G"
"131","LA FALDA ","S/N","EL FICAL","JACHAL","5460","-30.2615716","-68.6699956","4302017","G"
"132","MONS. TOMAS S. CRUZ (EL FUERTE)","S/N","EL VOLCAN","JACHAL","5460","-30.3258091","-68.6968061","4302057","G"
"133","ALFONSO HERNANDEZ ","S/N","EL MEDANO","JACHAL","5460","-30.1266752","-68.6815118","4302037","G"
"134","CHEPICAL ","S/N","PUESTO CHEPICAL","JACHAL","5460","-29.7535785","-68.7583651","No registrado","G"
"135","RIVADAVIA","S/N","HUACO","JACHAL","5460","-30.158562","-68.4826924","4302055","G"
"136","OLIVARES","S/N","EL BAJO HUACO","JACHAL","5460","-30.1738986","-68.4788236","4302070","G"
"137","PASO DE LOS ANDES","S/N","ALTO HUACO","JACHAL","5460","-30.1382351","-68.5109627","4302051","G"
"138","RUTA PROVINCIAL 491","S/N","LA CIENEGA","JACHAL","5460","-30.1514222","-68.5731345","4302053","G"
"139","RUTA PROVINCIAL 491","S/N","LA FALDA","JACHAL","5460","-30.1900571","-68.6597903","4302065","G"
"140","SAN MARTIN ","S/N","LA FRONTERA","JACHAL","5460","-30.1010774","-68.7182487","4302044","G"
"141","PATRICIO LOPEZ DEL CAMPO ","S/N","PAMPA VIEJA","JACHAL","5460","-30.2281963","-68.6877301","4302025","G"
"142","NUEVA ","S/N","LA REPRESA","JACHAL","5460","-30.0861874","-68.6904441","4302007","G"
"143","POMPEYA","S/N","LOS PUESTOS","JACHAL","5460","-30.6822431","-68.3180831","4302410","G"
"144","SANTA BARBARA","S/N","MOGNA","JACHAL","5460","-30.6942326","-68.3611631","4302411","G"
"145","RUTA N° 150 - KM 10","S/N","PACHIMOCO","JACHAL","5460","-30.1982301","-68.8291803","4302059","G"
"146","VARAS ","S/N","PAMPA DEL CHANAR","JACHAL","5460","-30.181917","-68.6797063","4302039","G"
"147","NORIEGA","S/N","PAMPA DEL CHANAR","JACHAL","5460","-30.151417","-68.6869921","4302046","G"
"148","CALLE NUEVA ","S/N","SAN ISIDRO","JACHAL","5460","-30.1433075","-68.7061726","4302009","G"
"149","VARAS ","S/N","PAMPA VIEJA","JACHAL","5460","-30.2143303","-68.6879204","4302008","G"
"150","AV. 25 DE MAYO","776","SAN JOSE DE JACHAL","JACHAL","5460","-30.2367757","-68.747635","4302058","G"
"151","EX-RUTA 472 Y PROGRESO","S/N","SAN ROQUE","JACHAL","5460","-30.2785628","-68.7038013","4302034","G"
"152","EUGENIO FLORES ","S/N","TAMBERIAS","JACHAL","5460","-30.1887014","-68.7254543","4302035","G"
"153","EUGENIO FLORES ","S/N","VILLA MERCEDES","JACHAL","5460","-30.1058235","-68.7005559","4302036","G"
"154","CHUBUT Y JUJUY","S/N","Bº FRONTERAS ARGENTINAS","JACHAL","5460","-30.2440376","-68.7315371","4302038","G"
"155","CALLEJON DEL ALTO ","S/N","HUERTA DE HUACHI","JACHAL","5460","-30.0146258","-68.7513958","4302204","G"
"156","VALENTIN VIDELA","S/N","VILLA CABECERA","9 DE JULIO","5417","-31.6614853","-68.3810824","4307944","P"
"157","AMABLE JONES Y MAESTRO YACANTE","S/N","LA MAJADITA","9 DE JULIO","5417","-31.701916","-68.3687723","4307770","P"
"158","RUTA N° 20 KM 13","S/N","LAS CHACRITAS","9 DE JULIO","5417","-31.5916644","-68.4115602","4307942","P"
"159","RUTA 20 KM 16","S/N","RINCON CERCADO","9 DE JULIO","5417","-31.6074824","-68.3784598","4307917","P"
"160","CALLE LAS FRAZADAS ENTRE MAURIN Y CALLE 8","S/N","RINCON CERCADO","9 DE JULIO","5417","-31.6483531","-68.3739409","4307918","P"
"161","DIAGONAL SAN MARTIN ENTRE SARMIENTO Y LAPRIDA","S/N","VILLA CABECERA","9 DE JULIO","5417","-31.6688904","-68.3908775","4307945","P"
"162","MENDOZA Y CALLE 17","S/N","LA RINCONADA","POCITO","5427","-31.7296984","-68.5660532","4307851","R"
"163","CALLEJON PEDRO GIL ","S/N","CAMPO DE BATALLA","POCITO","5427","-31.7650666","-68.5646308","4307632","R"
"164","ANACLETO GIL ","S/N","CARPINTERIA","POCITO","5427","-31.8206004","-68.5468873","4302108","R"
"165","MENDOZA KM 25","S/N","CARPINTERIA","POCITO","5427","-31.7523801","-68.5541021","4307638","R"
"166","FLORENCIO BASANEZ ZAVALLA","S/N","CARPINTERIA","POCITO","5427","-31.8217111","-68.5285821","4302808","R"
"167","GRAL. ACHA  ENTRE 7 Y 8","S/N","COLONIA RODAS","POCITO","5427","-31.6251312","-68.5286635","4307839","R"
"168","14 Y VIDART","S/N","RINCONADA","POCITO","5427","-31.6867607","-68.600767","4307806","R"
"169","AV UNAC ENTRE 7 Y 8","S/N","LA CALLECITA","POCITO","5427","-31.6231515","-68.5511426","4307630","R"
"170","CALLE 15 ENTRE ABERASTAIN Y MENDOZA","S/N","LA RINCONADA","POCITO","5427","-31.7049157","-68.5788833","4307641","R"
"171","CALLE 13 ENTRE RUTA 40 Y ALFONSO XXIII","S/N","LA RINCONADA","POCITO","5427","-31.6902735","-68.5265877","4307840","R"
"172","CHACABUCO Y 8","S/N","QUINTO CUARTEL","POCITO","5427","-31.6089849","-68.6016663","4307629","R"
"173","ING. MARCOS ZALAZAR ","S/N","CUARTO CARTEL","POCITO","5427","-31.6496396","-68.6033326","4307840","R"
"174","ABERASTAIN ","S/N","RINCONADA","POCITO","5427","-31.6915635","-68.5726921","4307829","R"
"175","CALLEJON ECHEGARAY VIDART ENTRE 7 Y 8","S/N","SEGUNDO CUARTEL","POCITO","5427","-31.6103765","-68.5770992","4307645","R"
"176","CALLE 9 Y VIDART","S/N","SEGUNDO CUARTEL","POCITO","5427","-31.6273951","-68.5849319","4307794","R"
"177","AVENIDA UNAC Y MARIANO MORENO","15","VILLA ABERASTAIN","POCITO","5427","-31.6492944","-68.5626136","4302276","R"
"178","SANTA MARIA DE ORO","233","VILLA ABERASTAIN","POCITO","5427","-31.6576017","-68.5802145","4307860","R"
"179","CALLE 12 ENTRE MENDOZA Y RUTA N° 40","S/N","VILLA ABERASTAIN","POCITO","5427","-31.6706665","-68.5626803","4302357","R"
"180","FURQUE Y PICON","S/N","VILLA ABERASTAIN","POCITO","5427","-31.659607","-68.5812476","4307643","R"
"181","GRANADEROS Y ALVEAR","S/N","VILLA PAOLINI","POCITO","5427","-31.5924898","-68.5430703","4307637","R"
"182","GENERAL ACHA Y RUTA 40","S/N","RAWSON","RAWSON","5406","-31.5767264","-68.5187055","4307683","R"
"183","MEGLIOLI ","4410","RAWSON","RAWSON","5406","-31.5707662","-68.587996","4307674","R"
"184","TENIENTE IBALEZ","270","B° EDILCO","RAWSON","5406","-31.5638259","-68.5202094","4307666","R"
"185","BAHIA BLANCA Y AGUILAR","S/N","B° HUALILAN","RAWSON","5406","-31.5630125","-68.5625421","4307862","R"
"186","TIERRA DEL FUEGO","S/N","B° RESIDENCIAL OBRERO","RAWSON","5406","-31.5729316","-68.5269335","4307805","R"
"187","BOULEVAR SARMIENTO ","938","RAWSON","RAWSON","5406","-31.5739013","-68.537265","4307656","R"
"188","AVENIDA ESPANA","1923","RAWSON","RAWSON","5406","-31.5741732","-68.5382533","4307655","R"
"189","FELIX AGUILAR Y NEUQUEN","S/N","B° BUENAVENTURA LUNA","RAWSON","5406","-31.5823418","-68.5601167","4307671","R"
"190","BAHIA BLANCA Y SANTIAGO DERQUI","S/N","B° GUEMES","RAWSON","5406","-31.5630125","-68.5625421","4302179","R"
"191","JUAREZ CELMAN ","235","B° HUGO MONTANO","RAWSON","5406","-31.5667504","-68.5613456","4307664","R"
"192","ALMAFUERTE ","S/N","B° S. M. DEL CARRIL","RAWSON","5406","-31.5634501","-68.5379694","4307667","R"
"193","VALLE FERTIL Y CHACABUCO","S/N","B° SAN RICARDO","RAWSON","5406","-31.583841","-68.532333","4302190","R"
"194","CALLE 6 Y LABRADOR","S/N","COLONIA RODAS","RAWSON","5406","-31.619063","-68.5024107","4307678","R"
"195","RODAS Y LAS CANITAS","S/N","LOS CORREDORES","RAWSON","5406","-31.561623","-68.5093986","4302074","R"
"196","FLORIDA Y LAS PIEDRITAS ","S/N","MEDANITO","RAWSON","5406","-31.5773329","-68.4815199","4307853","R"
"197","CALLLE 9 ENTRE GARIBALDI Y PUNTA DEL MONTE","S/N","MEDANO DE ORO","RAWSON","5406","-31.6572652","-68.4652977","4307672","R"
"198","BELGRANO ENTRE 8 Y 9","S/N","MEDANO DE ORO","RAWSON","5406","-31.6492501","-68.5012801","4307677","R"
"199","GABRIELA MISTRAL ","S/N","Vº BOLANOS","RAWSON","5406","-31.6284928","-68.4813831","4307676","R"
"200","AMERICA ENTRE 13 Y 14","S/N","MEDANO DE ORO","RAWSON","5406","-31.7066333","-68.4850941","4307824","R"
"201","CALLE 11 Y AMERICA","S/N","MEDANO DE ORO","RAWSON","5406","-31.6843705","-68.4811079","4307836","R"
"202","RUTA 155 Y AMERICA","S/N","MEDANO DE ORO","RAWSON","5406","-31.6017801","-68.4661477","4307614","R"
"203","CALLE 10 Y ALFONSO XIII","S/N","MEDANO DE ORO","RAWSON","5406","-31.6583314","-68.513447","4307823","R"
"204","MENDOZA","3335","RAWSON","RAWSON","5406","-31.5722838","-68.5303122","4307626","R"
"205","MAIPU","100","Vº HIPODROMO","RAWSON","5406","-31.5650188","-68.5509355","4307686","R"
"206","ESPELETA ","550","VILLA KRAUSE","RAWSON","5406","-31.5851743","-68.5430246","4307627","R"
"207","CALLE 5 Y GRAL ACHA","S/N","RAWSON","RAWSON","5406","-31.5957644","-68.5165195","4302213","R"
"208","ARENALES E IBAZETA","S/N","Bº SAN JUAN","RIVADAVIA","5407","-31.5468905","-68.5542368","4307588","O"
"209","IGNACIO DE LA ROZA","775","RIVADAVIA","RIVADAVIA","5407","-31.5379448","-68.5685158","4307816","O"
"210","COLL","2594","RIVADAVIA","RIVADAVIA","5407","-31.5167395","-68.5981721","4307841","O"
"211","MARIA E. DUARTE DE PERON Y LARRALDE ","S/N","B° PARQUE RIVADAVIA NORTE","RIVADAVIA","5407","-31.5129362","-68.5816608","4307809","O"
"212","AV. LIB. GRAL. SAN MARTIN","4150","Bº FORTABAT","RIVADAVIA","5407","-31.5283738","-68.5801594","4307598","O"
"213","LAVALLE ","S/N","B° FORTABAT","RIVADAVIA","5407","-31.5367531","-68.5913627","4307837","O"
"214","ROQUE SAENZ PENA","430","B° HUAZIUL","RIVADAVIA","5407","-31.51582","-68.5741427","4307597","O"
"215","ESMERALDA ","S/N","B° UDAP III","RIVADAVIA","5407","-31.5535706","-68.5649409","4307586","O"
"216","2 DE ABRIL Y CATTANI","S/N","B° ARAMBURU ","RIVADAVIA","5407","-31.5158417","-68.5656611","4307593","O"
"217","AVELLANEDA","2951","B° JARDIN POLICIAL","RIVADAVIA","5407","-31.5502211","-68.5579105","4307584","O"
"218","JORGE NEWBERY","1851","B° RIVADAVIA SUR","RIVADAVIA","5407","-31.5519787","-68.5489002","4307589","O"
"219","AVENIDA IGNACIO DE LA ROZA","4310","LA BEBIDA","RIVADAVIA","5407","-31.5399058","-68.6176477","4307612","O"
"220","LOTE HOGAR N° 34","S/N","LA BEBIDA","RIVADAVIA","5407","-31.5482447","-68.618822","4307811","O"
"221","SAN JUAN","7306","MARQUEZADO","RIVADAVIA","5407","-31.523757","-68.6300713","4307838","O"
"222","HIPOLITO IRIGOYEN","2231","B° NUEVA ARGENTINA","RIVADAVIA","5407","-31.5533554","-68.5667887","4307814","O"
"223","PERIODISTAS ARGENTINOS","5860","Bº CAMUS","RIVADAVIA","5407","-31.5326874","-68.6005286","4307599","O"
"224","CALLE 5 ENTRE AMERICA Y PTA. DEL MONTE","S/N","MEDANO DE ORO","RAWSON","5406","-31.6203173","-68.4632339","4307679","R"
"225","AV. SARMIENTO","S/N","SAN ISIDRO","SAN MARTIN","5439","-31.5174031","-68.3519857","4307768","P"
"226","YAPEYU Y DIVISORIA","S/N","DOS ACEQUIAS","SAN MARTIN","5439","-31.46886","-68.4411594","4307785","P"
"227","RAWSON","1818","DOS ACEQUIAS","SAN MARTIN","5439","-31.5350384","-68.3994838","4307779","P"
"228","EVA PERON","4222","DOS ACEQUIAS","SAN MARTIN","5439","-31.4871523","-68.4152743","4302161","P"
"229","INDEPENDENCIA ","S/N","VILLA DOMINGUITO","SAN MARTIN","5439","-31.5598128","-68.2995335","4302083","P"
"230","DIVISORIA ENTRE ENTRE RIOS Y GODOY CRUZ","S/N","LOS COMPARTOS","SAN MARTIN","5439","-31.572008","-68.3474316","4302101","P"
"231","SAN ISIDRO ","S/N","SAN ISIDRO","SAN MARTIN","5439","-31.4848221","-68.3227366","4307773","P"
"232","INDEPENDENCIA Y LAPRIDA","S/N","SAN ISIDRO","SAN MARTIN","5439","-31.4923691","-68.3006278","4307772","P"
"233","LAPRIDA Y SAN ISIDRO","S/N","SAN ISIDRO","SAN MARTIN","5439","-31.4891956","-68.3245521","4307774","P"
"234","BELGRANO ","S/N","SAN ISIDRO","SAN MARTIN","5439","-31.5015635","-68.3670534","4307776","P"
"235","COLON Y 20 DE JUNIO","S/N","LA PUNILLA","SAN MARTIN","5439","-31.5544753","-68.3280069","4302097","P"
"236","AVENIDA SARMIENTO ESQUINA MITRE","S/N","VILLA LUGANO","SAN MARTIN","5439","-31.5198448","-68.3784651","4307788","P"
"237","HIPOLITO IRIGOYEN","2255","SANTA LUCIA","SANTA LUCIA","5411","-31.5414557","-68.4954959","4307694","P"
"238","HIPOLITO IRIGOYEN","3550","ESQUINA DEL SAUCE","SANTA LUCIA","5411","-31.5445312","-68.4823451","4307804","P"
"239","ROGER BALLET","2663","LAS PIEDRITAS","SANTA LUCIA","5411","-31.5220307","-68.4952152","4307688","P"
"240","ROQUE SAENZ PENA","2952","SANTA LUCIA","SANTA LUCIA","5411","-31.5291247","-68.48923","4307691","P"
"241","AV. LIBERTADOR SAN MARTIN","3411","VILLA MARIA","SANTA LUCIA","5411","-31.5339563","-68.4809991","4302238","P"
"242","HERNAN CORTEZ Y MAIPU ","S/N","ALTO DE SIERRA","SANTA LUCIA","5411","-31.5556248","-68.4175318","4307690","P"
"243","LIBERTADOR SAN MARTIN","6283","ALTO DE SIERRA","SANTA LUCIA","5411","-31.536172","-68.4377745","4307699","P"
"244","ROQUE SAENZ PENA","7051","ALTO DE SIERRA","SANTA LUCIA","5411","-31.526962","-68.4467547","4307842","P"
"245","TOMAS EDISON","1786","BERMEJITO","SANTA LUCIA","5411","-31.5118386","-68.5030772","4302198","P"
"246","FRAY MAMERTO ESQUIU","S/N","BARRIO KENNEDY","SANTA LUCIA","5411","-31.5270942","-68.5066057","4307646","P"
"247","RAUL CUELLO","4569","B° BALCARCE","SANTA LUCIA","5411","-31.5337885","-68.4679337","4307698","P"
"248","CORDILLERA DE LOS ANDES","3219","COLONIA RICHET ZAPATA","SANTA LUCIA","5411","-31.5047956","-68.4866286","4307856","P"
"249","OMAR PALACIO","S/N","CANADA HONDA","SARMIENTO","5441","-31.9856413","-68.5487093","4302084","R"
"250","RUTA PROVINCIAL N°351 ","S/N","CIENEGUITA","SARMIENTO","5441","-32.0771257","-68.6923232","4302091","R"
"251","BUFANO ","S/N","COCHAGUAL","SARMIENTO","5441","-31.9659852","-68.3650896","4302078","R"
"252","NICOLAS AVELLANEDA ","S/N","COCHAGUAL","SARMIENTO","5441","-31.9655681","-68.3222525","4302175","R"
"253","RUTA N° 295 ","S/N","COCHAGUAL","SARMIENTO","5441","-31.869427","-68.3859432","4302940","R"
"254","CARMONA","S/N","COCHAGUAL","SARMIENTO","5441","-31.9133069","-68.3724361","4307973","R"
"255","DOMINGUITO ","S/N","COCHAGUAL","SARMIENTO","5441","-31.92148","-68.4086232","4302077","R"
"256","CIRCUITO FIORITO","S/N","CAMPO VID","SARMIENTO","5441","-32.0206856","-68.3929344","4302176","R"
"257","MENDOZA VIEJA Y LAMADRID","S/N","COLONIA FISCAL","SARMIENTO","5441","-31.9489798","-68.475002","4302164","R"
"258","S. MARIA DEL CARRIL ","S/N","COLONIA FISCAL","SARMIENTO","5441","-31.9028263","-68.4743715","4302104","R"
"259","RUTA PROVINCIAL 901 ","S/N","DIVISADERO","SARMIENTO","5441","-32.0012738","-68.6965943","4302089","R"
"260","MENDOZA Y BUENOS AIRES","S/N","HUANACACHE","SARMIENTO","5441","-32.0639866","-68.5903232","4302123","R"
"261","BUFANO Y LLOVERAS","S/N","LAS LAGUNAS","SARMIENTO","5441","-32.0431431","-68.3676214","4302081","R"
"262","ALFREDO BUFANO ","S/N","LAS LAGUNAS","SARMIENTO","5441","-32.1027596","-68.3879547","4302105","R"
"263","2 DE ABRIL Y CATTANI","S/N","B° ARAMBURU ","RIVADAVIA","5407","-31.5157902","-68.566329","4302106","O"
"264","CALLE 9 DE JULIO Y SARMIENTO","S/N","LOS BERROS","SARMIENTO","5441","-31.9523685","-68.6507079","4302108","R"
"265","9 DE JULIO ","S/N","V° MEDIA AGUA","SARMIENTO","5441","-31.986333","-68.4224243","No registrado","R"
"266","9 DE JULIO ","S/N","V° MEDIA AGUA","SARMIENTO","5441","-31.9824884","-68.4273137","4307976","R"
"267","AVENIDA 25 DE MAYO Y CIRTUITO FIORITO","S/N","V° MEDIA AGUA","SARMIENTO","5441","-32.0200198","-68.4245887","4302093","R"
"268","BELGRANO","418","V° MEDIA AGUA","SARMIENTO","5441","-31.9820546","-68.4263832","4307974","R"
"269","9 DE JULIO Y URUGUAY","S/N","V° MEDIA AGUA","SARMIENTO","5441","-31.9823504","-68.4275826","4307977","R"
"270","AV. 25 DE MAYO","S/N","V° MEDIA AGUA","SARMIENTO","5441","-31.991628","-68.4243482","4307975","R"
"271","RUTA 351","S/N","RETAMITO","SARMIENTO","5441","-32.0932746","-68.619402","4302115","R"
"272","RUTA NAC. Nº 40 - KM 99","S/N","SAN CARLOS","SARMIENTO","5441","-32.1024482","-68.4594331","4302118","R"
"273","ARANDA Y 25 DE MAYO","S/N","TRES ESQUINAS","SARMIENTO","5441","-32.0598725","-68.4298959","4302090","R"
"274","VALENTIN RUIZ ","S/N","VILLA IBANEZ","ULLUM","5409","-31.4619213","-68.736602","4307713","O"
"275","SANTIAGO DEL ESTERO ","S/N","ULLUM","ULLUM","5409","-31.4628296","-68.7360441","4307705","O"
"276","R. QUIROGA Y 9 DE JULIO","S/N","VILLA AURORA","ULLUM","5409","-31.473614","-68.7458265","4307815","O"
"277","RUTA PROVINCIAL N°510","S/N","AGUA CERCADA","VALLE FERTIL","5449","-30.8041513","-67.3664482","4302011","M"
"278","SIERRAS DE RIVEROS ","S/N","ASTICA","VALLE FERTIL","5449","-30.9137669","-67.3996855","No registrado","M"
"279","SIERRAS DE ELIZONDO","S/N","SIERRAS DE ELIZONDO","VALLE FERTIL","5449","-30.9444056","-67.4343154","No registrado","M"
"280","SAN PEDRO Y FELIPE COSTA","S/N","ASTICA","VALLE FERTIL","5449","-30.9543958","-67.3011705","4307780","M"
"281","RUTA PROVINCIAL N°510 KM. 56","S/N","LOS BALDECITOS","VALLE FERTIL","5449","-30.2214946","-676941836","4302020","M"
"282","RUTA 503","S/N","BALDES DE ASTICA","VALLE FERTIL","5449","-30.9344142","-67.2498234","4302041","M"
"283","RUTA PROVINCIAL N°511","S/N","BALDES DE LAS CHILCAS","VALLE FERTIL","5449","-30.6420455","-67.4085444","4302010","M"
"284","BALDES DEL NORTE","S/N","BALDES DEL NORTE","VALLE FERTIL","5449","-30.586337","-67.4256309","4302048","M"
"285","RUTA PROVINCIAL 510","S/N","BALDES DE ROSARIO","VALLE FERTIL","5449","-30.3219301","-67.6967477","4302019","M"
"286","RUTA N° 506","S/N","BALDES DEL SUR","VALLE FERTIL","5449","-30.6929047","-67.3891637","4302001","M"
"287","SAN PEDRO Y FELIPE COSTA","S/N","CHUCUMA","VALLE FERTIL","5449","-31.0702033","-67.2816864","4302024","M"
"288","RUTAS 523","S/N","LOS BRETES","VALLE FERTIL","5449","-30.7671051","-67.4760113","4302021","M"
"289","LOS VALENCIANOS ","S/N","COLONIA LOS VALECIANOS","VALLE FERTIL","5449","-30.6132672","-67.4151067","4302031","M"
"290","CALLE QUIROGA Y RUTA NAC. 510","S/N","USNO","VALLE FERTIL","5449","-30.5667284","-67.54147","4302004","M"
"291","MITRE Y RAWSON","1741","VILLA SAN AGUSTIN","VALLE FERTIL","5449","-30.6375056","-67.4574392","4302015","M"
"292","MITRE Y GENERAL ACHA","S/N","VILLA SAN AGUSTIN","VALLE FERTIL","5449","-30.6355","-67.4671386","4307992","M"
"293","TUCUMAN ","S/N","VILLA SAN AGUSTIN","VALLE FERTIL","5449","-30.6278084","-67.4641121","4302033","M"
"294","LA MAJADITA","S/N","LA MAJADITA","VALLE FERTIL","5449","-30.681558","-67.5058668","4302023","M"
"295","SIERRAS DE CHAVEZ","S/N","SIERRAS DE CHAVEZ","VALLE FERTIL","5449","-30.8750667","-67.5395896","No registrado","M"
"296","LAS JUNTAS","S/N","LAS JUNTAS","VALLE FERTIL","5449","-30.7288525","-67.5866952","No registrado","M"
"297","HUELLA","S/N","BALDES DE FUNE","VALLE FERTIL","5449","-31.0741542","-67.1175215","4307968","M"
"298","HUELLA","S/N","BAJO CHUCUMA","VALLE FERTIL","5449","-31.2016194","-67.1663657","4302050","M"
"299","CALLE 6 ENTRE RUTA 270 Y CALLE 20","S/N","VILLA SANTA ROSA","25 DE MAYO","5443","-31.7724677","-68.306801","4307951","Y"
"300","CALLE 3 ENTRE LA PLATA Y SAN ISIDRO","S/N","CUATRO ESQUINAS","25 DE MAYO","5443","-31.7308284","-68.3451267","4307877","Y"
"301","ENFERMERA MEDINA ENTRE DIVISORIA Y UNO","S/N","DIVISORIA","25 DE MAYO","5443","-31.7016239","-68.3140829","4307962","Y"
"302","CALLE 2 ENTRE MEDINA Y RUTA 270","S/N","DIVISORIA","25 DE MAYO","5443","-31.7238164","-68.3152247","4307963","Y"
"303","RUTA N°20","S/N","ENCON","25 DE MAYO","5443","-32.2163893","-67.7949775","4302170","Y"
"304","SAN LORENZO","S/N","25 DE MAYO","25 DE MAYO","5443","-31.8309785","-68.26223","No registrado","Y"
"305","RUTA 20 KM 910 ESTACION JOSE MARTI","S/N","LA CHIMBERA","25 DE MAYO","5443","-31.8302443","-68.2260992","4307950","Y"
"306","RUTA N° 279 ENTRE CALLES 21 Y 22","S/N","LA CHIMBERA","25 DE MAYO","5443","-31.8232745","-68.2915523","4307950","Y"
"307","SAN ANTONIO PUESTO LOS CALDERONES","S/N","LAS TRANCAS","25 DE MAYO","5443","-32.2949658","-67.2808424","4302219","Y"
"308","RUTA 279 (ENTRE 20 Y RUTA 270)","S/N","LAS CASUARINAS","25 DE MAYO","5443","-31.8168204","-68.3239681","4307957","Y"
"309","CALLE 9 Y LA PLATA","S/N","LAS CASUARINAS","25 DE MAYO","5443","-31.8001316","-68.352429","4307959","Y"
"310","CALLE 7 Y 21","S/N","LAS CASUARINAS","25 DE MAYO","5443","-31.7861458","-68.2940294","4307955","Y"
"311","DIVISORIA ENTRE CALLES 22 Y 23","S/N","POZO SALADO","25 DE MAYO","5443","-31.7120575","-68.2459512","4307949","Y"
"312","CALLE 4  ENTRE CALLES 23 Y 24","S/N","POZO SALADO","25 DE MAYO","5443","-31.7586234","-68.2491467","4307948","Y"
"313","CALLES 2 Y 22","S/N","LA CHIMBERA","25 DE MAYO","5443","-31.7324925","-68.2665214","4307947","Y"
"314","RUTA 308","S/N","PUNTA DEL AGUA","25 DE MAYO","5443","-32.0356309","-68.2103835","4302195","Y"
"315","25 DE MAYO ENTRE SARMIENTO Y A TORRES","S/N","VILLA SANTA ROSA","25 DE MAYO","5443","-31.7430468","-68.3135998","4307961","Y"
"316","LA PLATA ENTRE 6 Y 7","S/N","VILLA SANTA ROSA","25 DE MAYO","5443","-31.7648758","-68.3438215","4307960","Y"
"317","MALVINAS ARGENTINAS Y M. BELGRANO","S/N","TUPELI","25 DE MAYO","5443","-31.8375454","-68.3587715","4307952","Y"
"318","25 DE MAYO Y MITRE","S/N","SANTA ROSA","25 DE MAYO","5443","-31.7470435","-68.3143616","4307958","Y"
"319","MATIAS SANCHEZ","S/N","ZONDA","ZONDA","5401","-31.5448573","-68.7521989","4307719","O"
"320","RUTA 12 KM 24 - N° 24","24","V° BASILIO NIEVAS","ZONDA","5401","-31.552246","-68.7300178","4307713","O"
"321","GRAN CHINA ","S/N","VILLA MERCEDES","JACHAL","5460","-30.121475","-68.7210862","4302006","G"
"322","VICUNA LARRAIN","S/N","EL RINCON","JACHAL","5460","-30.2498581","-68.719879","4302071","G"
"323","PRINCIPAL ","S/N","ZONDA","IGLESIA","5467","-30.3909131","-69.2107293","4302158","L"
"324","PUBLICA","S/N","PEDERNAL","SARMIENTO","5441","-31.9969837","-68.7650366","4302111","R"
"325","LAPRIDA Y PROYECTADA","S/N","V° MEDIA AGUA","SARMIENTO","5441","-31.9863297","-68.4228681","4302465","R"
"326","9 Y LAS PIEDRITAS","S/N","QUINTO CUARTEL","POCITO","5427","-31.6264518","-68.6094464","4307634","R"
"327","AV. ROQUE SAENZ PENA","2930","SANTA LUCIA","SANTA LUCIA","5411","-31.5292194","-68.4914432","4307700","P"
"328","PATRICIAS SANJUANINAS Y CoRDOBA","S/N","VILLA SAN AGUSTIN","VALLE FERTIL","5449","-30.6400528","-67.4572349","4302043","M"
"329","RUTA 40","S/N","VILLA MARIANO MORENO","CHIMBAS","5413","-31.4654021","-68.5186562","4307858","S"
"330","NACIONAL ENTRE LA LAJA Y TUCUMAN","593","VILLA SAN MARTIN","ALBARDON","5419","-31.4280784","-68.5016769","4307757","S"
"331","BANDERA ARGENTINA","690","Bº CHIMBAS II","CHIMBAS","5413","-31.5027764","-68.5238375","4307818","S"
"332","RUTA PROVINCIAL Nº 270 ","S/N","CAUCETE","CAUCETE","5442","-31.652246","-68.2879417","4302151","F"
"333","GUEMES Y YAPEYU ","2980","CAPITAN LAZO","RAWSON","5406","-31.5655244","-68.5393807","4307660","R"
"334","ALVEAR","3290","VILLA KRAUSE","RAWSON","5406","-31.5718442","-68.534032","4307658","R"
"335","JUAN JOSE PASO ","1300","B° 12 DE DICIEMBRE","RAWSON","5406","-31.5706772","-68.5641281","4307822","R"
"336","JOSE MARIA PAZ Y MAGALLANES","S/N","VILLA SAN DAMIAN","RAWSON","5406","-31.5766738","-68.5575157","4307825","R"
"337","MALIMAN","S/N","MALIMAN","IGLESIA","5467","-29.9589244","-69.1793254","4302155","L"
"338","CALLE PRINCIPAL - EL LLANO ALEGRE","S/N","LAS FLORES","IGLESIA","5467","-30.3085912","-69.2195926","4302117","L"
"339","PRINCIPAL","S/N","PISMANTA","IGLESIA","5467","-30.2763272","-69.2295762","4302117","L"
"340","CATAMARCA","96","CAPITAL","CAPITAL","5400","-31.5335493","-68.53051","4307550","C"
"341","AV. LIB. GRAL. SAN MARTIN","7437","MARQUEZADO","RIVADAVIA","5407","-31.5259428","-68.6314138","4307834","O"
"342","SALTA","1750","VILLA UNION","CHIMBAS","5413","-31.4931081","-68.5462395","4307651","S"
"343","MITRE Y PATRICIAS SANJUANINAS","S/N","VILLA SAN AGUSTIN","VALLE FERTIL","5449","-30.6372722","-67.4590927","4307994","M"
"344","RUTA N° 40 Y CALLEJON CANTONI","S/N","CARPINTERIA","POCITO","5427","-31.8584657","-68.5341476","4302378","R"
"345","PRESIDENTE ROCA /SN ","S/N","BARREAL","CALINGASTA","5403","-31.6546925","-69.4771742","4307899","T"
"346","RECONQUISTA","5760","VILLA SARMIENTO","CHIMBAS","5413","-31.4994579","-68.5313637","4307617","S"
"347","MANUEL LEMOS Y 6 ","S/N","VILLA AEROPARQUE","POCITO","5427","-31.5974153","-68.5554872","4307635","R"
"348","AGUSTIN GOMEZ","163","TRINIDAD","CAPITAL","5400","-31.5524766","-68.5216286","4307505","C"
"349","MENDOZA","855","VILLA KRAUSE","RAWSON","5406","-31.5702492","-68.5308615","4307859","R"
"350","SAN ISIDRO","S/N","SAN ISIDRO","JACHAL","5460","-30.1404559","-68.7000765","4302056","G"
"351","GENERAL ACHA","466","CAPITAL","CAPITAL","5400","-31.5398477","-68.5239393","4302169","C"
"352","JUAN BAUSTISTA ALBERDI ","S/N","BELLA VISTA","JACHAL","5460","-30.2094452","-68.746564","4302064","G"
"353","RUTA N° 40 KM 297 - LAS AGUADITAS","S/N","NIQUIVIL","JACHAL","5460","-30.4294016","-68.6817304","4302061","G"
"354","CLEMENTE SARMIENTO ","S/N","LA BEBIDA","RIVADAVIA","5407","-31.5543143","-68.6112501","4307812","O"
"355","JUAN JOSE BUSTOS ","S/N","DIVISORIA","CAUCETE","5442","-31.7027075","-68.285323","4302100","F"
"356","NUEVA A 3 5KM DE RUTA","S/N","CARPINTERIA","POCITO","5427","-31.7756401","-68.5157233","4307633","R"
"357","AV. LIB. GRAL. SAN MARTIN","5401","HOSPITAL MARCIAL QUIROGA","RIVADAVIA","5407","-31.5301118","-68.5961674","4307857","C"
"358","LA LAJA ENTRE RECABARREN Y PALACIO","4901","LAS LOMITAS","ALBARDON","5419","-31.3936218","-68.4853358","4307751","S"
"359","AVENIDA BENAVIDEZ","S/N","MARQUEZADO","RIVADAVIA","5407","-31.5167343","-68.5980836","4307813","O"
"360","HERMOGENEZ RUIZ","S/N","ULLUM","ULLUM","5409","-31.4693984","-68.7393091","4307749","O"
"361","LAPRIDA Y JUAN PABLO II","S/N","RODEO","IGLESIA","5467","-30.2153749","-69.1442466","4302112","L"
"362","CALLE 20 ENTRE CALLE 13 Y 16","S/N","LAS CASUARINAS","25 DE MAYO","5443","-31.8611114","-68.3230879","4307953","Y"
"363","PEDRO ECHAGUE Y 4 DE DICIEMBRE","S/N","SANTA LUCIA","SANTA LUCIA","5411","-31.5286848","-68.4986381","4307695","P"
"364","AV. RIOJA Y CIRCUNVALACION","1457","CAPITAL","CAPITAL","5400","-31.5167802","-68.5232218","4307545","C"
"365","CENTENARIO ","S/N","VILLA PAULA","CHIMBAS","5413","-31.4766419","-68.51141","4307796","S"
"366","ALFREDO FORTABAT","3070","B° FRANKLIN RAWSON","RAWSON","5406","-31.5719334","-68.5751717","4302049","R"
"367","RAWSON Y SAN MARTIN","S/N","SAN JOSE DE JACHAL","JACHAL","5460","-30.2429465","-68.7446062","No registrado","G"
"368","ALVEAR","3979","RAWSON","RAWSON","5406","-31.5735174","-68.5356583","No registrado","R"
"369","TUCUMAN","1040","CONCEPCION","CAPITAL","5400","-31.5209243","-68.5238271","4307608","R"
"370","AV. PAULA A. DE SARMIENTO Y VICEGDOR LUIS CATTANI","S/N","RIVADAVIA","RIVADAVIA","5407","-31.5152672","-68.5645681","4307596","O"
"371","AV. PAULA ALBARRACIN DE SARMIENTO","425","CAPITAL","CAPITAL","5400","-31.5347691","-68.5531388","4307605","B"
"372","MARADONA","2321","B° GUEMES","CHIMBAS","5413","-31.4924978","-68.5512473","4307846","S"
"373","SARMIENTO","S/N","VILLA DEL SALVADOR","ANGACO","5415","-31.4511457","-68.4035333","4302221","S"
"374","GUILLERMO RAWSON","S/N","VILLA DEL SALVADOR","ANGACO","5415","-31.4481695","-68.405568","4307730","S"
"375","PROYECTADA ","S/N","CAMPO AFUERA","ALBARDON","5419","-31.4214972","-68.5391203","4307985","S"
"376","PROYECTADA Y OBRERO MUNICIPAL","S/N","CAMPO AFUERA","ALBARDON","5419","-31.5044292","-68.3617209","4302223","P"
"377","CALLEJON SORIA","S/N","VILLA SAN MARTIN","ALBARDON","5419","-31.4355471","-68.5136597","No registrado","S"
"378","SIN DATOS","S/N","CHIMBAS","CHIMBAS","5413","0","0","No registrado","S/D"
"379","SEGOVIA ESQUINA COMBATE DE SAN LORENZO","S/N","VILLA EL SALVADOR","ANGACO","5415","-31.4517567","-68.4038065","4302351","S"
"380","EVA PERON Y L.N.ALEM","S/N","VILLA DEL SALVADOR","ANGACO","5415","-31.456933","-68.4091945","4307726","S"
"381","21 DE FEBRERO  ENTRE NACIONAL Y ZAPATA","S/N","LAS TAPIAS","ANGACO","5415","-31.4060825","-68.4146123","4307868","S"
"382","21 DE FEBRERO PASANDO BELGRANO","S/N","LAS TAPIAS","ANGACO","5415","-31.4070049","-68.3396741","4307867","S"
"383","CALLE AGUILERA Y ZAPATA","S/N","PLUMERILLO","ANGACO","5415","-31.4449151","-68.4263956","4307724","S"
"384","HIPoLITO IRIGOYEN ","S/N","BARREAL","CALINGASTA","5403","-31.6539667","-69.4769252","4307746","T"
"385","JUAN JUFRE ","S/N","VILLA CALINGASTA","CALINGASTA","5403","-31.3331844","-69.4218933","4307734","T"
"386","ANTONIO DE LA TORRE Y RODOLFO PAEZ ORO","S/N","B° FRONDIZI","CAPITAL","5400","-31.5076944","-68.5126388","4302342","C"
"387","MENDOZA ENTRE 25 DE MAYO Y SAN LUIS","S/N","CAPITAL","CAPITAL","5400","-31.5328542","-68.5263746","4307514","B"
"388","AV. ALEM","527","CAPITAL","CAPITAL","5400","-31.54110249","-68.53158069","No registrado","S/D"
"389","JAIME GUARDIOLA","S/N","CAUCETE","CAUCETE","5442","-31.6664032","-68.2691819","4302303","F"
"390","CASAS VIEJAS","S/N","CASAS VIEJAS","CAUCETE","5442","-31.3772151","-67.8034246","No registrado","F"
"391","SAN MARTIN Y CORDOBA","S/N","CAUCETE","CAUCETE","5442","-31.6550351","-68.2840738","No registrado","F"
"392","JAIME BORONET Y CORREA","S/N","Bº BERMEJO","CAUCETE","5442","-31.6659283","-68.269147","4302299","F"
"393","25 DE MAYO  Y PROYECTADA Nº 5","S/N","CHIMBAS","CHIMBAS","5413","-31.4986407","-68.5696887","No registrado","S"
"394","CALLE PROYECTADA ","S/N","B° CENTENARIO","CHIMBAS","5413","-31.4930613","-68.5461778","No registrado","O"
"395","TAMBOR DE TACUARI M:L","18","CHIMBAS","CHIMBAS","5413","-31.5053718","-68.5907004","4307841","O"
"396","LOPEZ MANSILLA","S/N","VILLA DEL SALVADOR","CHIMBAS","5413","-31.5099051","-68.534631","4307624, 4307929","S"
"397","ALEM","S/N","  Bº NORTE","CHIMBAS","5413","-31.4950121","-68.543604","4307619","S"
"398","MENDOZA","2371","CHIMBAS NORTE","CHIMBAS","5413","-31.4798101","-68.5317716","No registrado","S"
"399","NECOCHEA","1514","CHIMBAS","CHIMBAS","5413","-31.5010235","-68.5084387","4302460","S"
"400","NEUQUEN","S/N","B° LOS TAMARINDO","CHIMBAS","5413","-31.4986182","-68.5699959","4302371","S"
"401","GOBERNADOR ROJAS","998","CHIMBAS","CHIMBAS","5413","-31.4996412","-68.5305766","No registrado","S"
"402","GRECO Y SANTA CRUZ","S/N","B° LOS ANDES","CHIMBAS","5413","-31.5020337","-68.5135984","4307849","S"
"403","SANTAFE Y ESMERALDA","774","CHIMBAS","CHIMBAS","5413","-31.5070132","-68.5230908","No registrado","S"
"404","BELGRANO Y MALVINAS ARGENTINAS ENTRE BEL. Y M. ARG","S/N","ANGUALASTO","IGLESIA","5467","-30.0543387","-69.173277","No registrado","L"
"405","SANTO DOMINGO","4125","RODEO","IGLESIA","5467","-30.211636","-69.136567","4302397","L"
"406","JUAN DOMINGO PERON","S/N","RODEO","IGLESIA","5467","-30.2116046","-69.1366196","4302122","L"
"407","RIVADAVIA","854","SAN JOSE DE JACHAL","JACHAL","5460","-30.2429906","-68.7497953","4302014","G"
"408","PROYECTADA ENTRE CALLE 1 Y 2","S/N","B° SAN JOSE","JACHAL","5460","-30.2432969","-68.7544364","4302307","G"
"409","LAPRIDA","S/N","VILLA 9 DE JULIO","9 DE JULIO","5417","-31.6687829","-68.3910906","No registrado","P"
"410","ATENCIO Y PROYECTADA","S/N","POCITO","POCITO","5427","-31.649094","-68.5819234","4302181, 4307685","R"
"411","CHACABUCO Y COSTA CANAL","S/N","QUINTO CUARTEL","POCITO","5427","-31.7756401","-68.5157233","4307682","R"
"412","FRIAS","4750","POCITO NORTE","POCITO","5427","-31.5855733","-68.5547264","4302227","R"
"413","VIDART (ENTRE 6 Y CALLE 51)","S/N","POCITO","POCITO","5427","-31.5982337","-68.5715233","4307795","R"
"414","MENDOZA Y CALLE 14","S/N","RINCONADA","POCITO","5427","-31.6903471","-68.5726332","4302928","R"
"415","ALFONSINA STORNI Y MAURIN","S/N","VILLA ABERASTAIN","POCITO","5427","-31.6579109","-68.58372","4302274","R"
"416","DR. ORTEGA Y FRANCIA","S/N","RAWSON","RAWSON","5406","-31.5701986","-68.5617464","No registrado","R"
"417","RAMELA ENTRE ANTONIO DE LA TORRE Y SANTIAGO PAREDES","S/N"," Bº BORGES","RAWSON","5406","-31.5571487","-68.5080053","4307687","R"
"418","PROGRESO Y BALMACEDA","S/N"," Bº SIERRAS MORADAS","RAWSON","5406","-31.5838297","-68.5054271","No registrado","R"
"419","S/N","S/N","Bº VALLE GRANDE","RAWSON","5406","-31.5674185","-68.5999552","4302414","R"
"420","BOULEVARD SARMIENDO Y CONECTOR SUR","S/N","Bº LA ESTACION","RAWSON","5406","-31.5798272","-68.5504467","4307827","R"
"421","QUIROZ Y CALINGASTA","S/N","B° 24 DE NOVIEMBRE","RAWSON","5406","-31.5838889","-68.5322162","4302374","R"
"422","MENDOZA","3712","VILLA KRAUSE","RAWSON","5406","-31.5786689","-68.5321854","4307767","R"
"423","CHUBUT Y SANTA CRUZ","S/N","LA BEBIDA","RIVADAVIA","5407","-31.5393684","-68.6298094","4307611","O"
"424","COSTA CANAL","1050","B° MARQUESADO","RIVADAVIA","5407","-31.5141622","-68.6168452","4302304","O"
"425","JORGE LUIS BORGES","S/N","Bº NATANIA XV","RIVADAVIA","5407","-31.5349911","-68.6006367","4307600","O"
"426","RASTREADOR CALIVAR Y REPUBLICA DEL LIBANO    ","S/N","B° PIUQUEN","RIVADAVIA","5407","-31.5489218","-68.5901024","4302293","O"
"427","PROYECTADA Y COMERCIO ","S/N","B° PIUQUEN","RIVADAVIA","5407","-31.5465887","-68.625517","4302314","O"
"428","AV. NAZARIO BENAVIDEZ","7500","RIVADAVIA","RIVADAVIA","5407","-31.5105376","-68.6198533","No registrado","O"
"429","RAWSON ","S/N","VILLA ALEM","SAN MARTIN","5439","-31.5550129","-68.3350067","4302094","P"
"430","RUTA N° 295 PUNTA DEL MEDANO","S/N","COCHAGUAL","SARMIENTO","5441","-31.9560651","-68.6598561","4302092, 4302119","R"
"431","RUTA N° 295 PUNTA DEL MEDANO","S/N","COCHAGUAL","SARMIENTO","5441","-31.8933822","-68.4163483","4302076","R"
"432","CHUBUT","S/N","LOS BERROS","SARMIENTO","5441","-31.9527214","-68.6558883","4302080","R"
"433","H. IRIGOYEN","5260","LA LEGUA","SANTA LUCIA","5411","-31.5542342","-68.4678385","4307565","P"
"434","BALCARCE","2262","COLONIA GUTIERREZ","SANTA LUCIA","5411","-31.510173","-68.4649571","4307580","P"
"435","CARLOS LENCINA ESTE Y AV. DE CIRCUNVALACION","S/N","SANTA LUCIA","SANTA LUCIA","5411","-31.5464989","-68.5026573","4307525","P"
"436","GORRITI Y LOS ALMENDROS","S/N","SANTA LUCIA","SANTA LUCIA","5411","-31.5439444","-68.4956167","4307697","P"
"437","SOLDADO ARGENTINO Y ROSARIO QUIROGA","S/N","VILLA AURORA","ULLUM","5409","-31.4731085","-68.7461025","4302441","O"
"438","CALLE 20 ENTRE 13 Y 14","S/N","CAMPOS DE AIBILi","25 DE MAYO","5443","-31.82666086","-68.2455383","4307954","Y"
"439","RUTA PROVINCIAL Nº 279 ENTRE CALLE SAN MARTIN Y 20","S/N","25 DE MAYO","25 DE MAYO","5443","-31.8184341","-68.3269739","4307956","Y"
"440","CALLE 4 Y ENFERMERA MEDINA","S/N","VILLA SANTA ROSA","25 DE MAYO","5443","-31.7453826","-68.3247523","No registrado","Y"
"441","ENFERMERA MEDINA","S/N","VILLA SANTA ROSA","25 DE MAYO","5443","-31.7423479","-68.3135138","4302489","Y"
"442","PATRICIAS SANJUANINAS Y CoRDOBA","S/N","VILLA SAN AGUSTIN","VALLE FERTIL","5449","-30.6408358","-67.4573412","4302271","M"
"443","FRAY JUSTO SANTA MARIA DE ORO ","S/N","ZONDA","ZONDA","5401","-31.5367965","-68.7154811","4307702","O"
"444","AV. ARGENTINA Y GuEMES","S/N","ZONDA","ZONDA","5401","-31.5489539","-68.7325821","4307714","O"
"445","FLORIDA","2582","RAWSON","RAWSON","5425","-31.56082","-68.55826","2644340048","V"
"446","SANTA MARIA DE ORO","116","VILLA GENERAL SAN MARTIN","ALBARDON","5419","-31.43996","-68.52117","2644911091","V"
"447","SEGOVIA","692","VILLA DEL SALVADOR","ANGACO","5415","-31.453","-68.40485","2644972016","V"
"448","DOMINGO FAUSTINO SARMIENTO","S/N","VILLA DEL SALVADOR","ANGACO","5439","-31.44313","-68.44035","26454528787","V"
"449","PRESIDENTE ROCA","180","BARREAL","CALINGASTA","5405","-31.64201","-69.47166","2644859487","V"
"450","SAN LUIS","139","CAPITAL","CAPITAL","5400","-31.53302","-68.52435","2644211809","V"
"451","AV. LIBERTADOR","1847","CAPITAL","CAPITAL","5400","-31.53122","-68.55156","264231531","V"
"452","ENTRE RIOS","744","CAPITAL","CAPITAL","5400","-31.54329","-68.52644","2644214128","V"
"453","AV. IGNACIO DE LA ROZA","1160","CAPITAL","CAPITAL","5400","-31.53766","-68.54372","264220082","V"
"454","SAN LUIS","537","CAPITAL","CAPITAL","5400","-31.53346","-68.53428","2644225585","V"
"455","AV. LIBERTADOR 96","96","CAPITAL","CAPITAL","5400","-31.53529","-68.52694","2644320383","V"
"456","RIVADAVIA","47","CAPITAL","CAPITAL","5400","-31.53634","-68.52647","2644202622","V"
"457","SARMIENTO","378","CAPITAL","CAPITAL","5400","-31.52994","-68.52954","2644212250","V"
"458","BRASIL","2661","CAPITAL","CAPITAL","5400","-31.54479","-68.56196","2644264369","V"
"459","9 DE JULIO","678","CAPITAL","CAPITAL","5400","-31.5417","-68.516","2644201948","V"
"460","ESTADOS UNIDOS","601","CAPITAL","CAPITAL","5400","-31.54059","-68.51174","2644224666","V"
"461","BRASIL","1051","CAPITAL","CAPITAL","5400","-31.54286","-68.51128","2644218772","V"
"462","TUCUMAN","315","CAPITAL","CAPITAL","5400","-31.53032","-68.52344","2644203963","V"
"463","TUCUMAN","328","CAPITAL","CAPITAL","5400","-31.52227","-68.52288","2644111120","V"
"464","AV. RIOJA","1517","CAPITAL","CAPITAL","5400","-31.51723","-68.52312","2644214322","V"
"465","GRAL. ACHA","1211","CAPITAL","CAPITAL","5400","-31.55007","-68.52314","2644224800","V"
"466","AV. IGNACIO DE LA ROZA","2033","CAPITAL","CAPITAL","5400","-31.53772","-68.55433","2644234320","V"
"467","SEGUNDINO NAVARRO","1163","CAPITAL","CAPITAL","5400","-31.54829","-68.54159","2644277283","V"
"468","9 DE JULIO","809","CAPITAL","CAPITAL","5400","-31.54199","-68.51416","2644216144","V"
"469","25 DE MAYO","430","CAPITAL","CAPITAL","5400","-31.53116","-68.52025","2644229971","V"
"470","AV. LEANDRO ALEM","538","CAPITAL","CAPITAL","5400","-31.54132","-68.53113","2644214580","V"
"471","LA PAZ","215","VILLA GENERAL SAN MARTIN","ALBARDON","5419","-31.43414","-68.52787","2645268770","v"
"472","SAN LUIS","235","CAPITAL","CAPITAL","5400","-31.53326","-68.52956","2644228325","V"
"473","SAN LUIS","247","CAPITAL","CAPITAL","5400","-31.53327","-68.52968","2644212135","V"
"474","MATIAS ZAVALLA","57","CAPITAL","CAPITAL","5400","-31.53175","-68.54965","No registrado","V"
"475","JUSTO JOSE URQUIZA","374","DESAMPARADOS","CAPITAL","5400","-31.53829","-68.54482","2644203855","V"
"476","AV. ESPANA","309","CAPITAL","CAPITAL","5400","-31.53134","-68.53689","2644202588","V"
"477","AV. RAWSON","471","CAPITAL","CAPITAL","5400","-31.53919","-68.51479","2644210723","V"
"478","GRAL. PAZ 346 (O) CP:J5400","346","CAPITAL","CAPITAL","5400","-31.54195","-68.53025","2644222262","V"
"479","CHILE","469","CAPITAL","CAPITAL","5400","-31.52621","-68.52035","2644201520","V"
"480","GRAL. ACHA","1501","TRINIDAD (CAP)","CAPITAL","5400","-31.55427","-68.52278","2644201620","V"
"481","AV. LIBERTADOR","1840","CAPITAL","CAPITAL","5400","-31.53056","-68.5517","2644260286","V"
"482","ALVEAR","84","CAPITAL","CAPITAL","5400","-31.53052","-68.55131","2644262364","V"
"483","AV. IGNACIO DE LA ROZA","2574","CAPITAL","CAPITAL","5400","-31.5385","-68.56236","2644230596","V"
"484","SANTA FE","136","CAPITAL","CAPITAL","5400","-31.53923","-68.52738","No registrado","V"
"485","SATURNINO SARASSA","256","CAPITAL","CAPITAL","5400","-31.553","-68.52016","2644218963","V"
"486","CATAMARCA","147","CAPITAL","CAPITAL","5400","-31.53624","-68.5305","2644272483","V"
"487","GRAL. ACHA","426","CAPITAL","CAPITAL","5400","-31.5392","-68.52399","2644202223","V"
"488","MAIPU","253","CAPITAL","CAPITAL","5400","-31.52959","-68.56055","2644212250","V"
"489","AV. CORDOBA","266","CAPITAL","CAPITAL","5400","-31.53979","-68.52968","2644228987","V"
"490","ABERASTAIN","22","CAPITAL","CAPITAL","5400","-31.53384","-68.5188","2644221047","V"
"491","SAN MARTIN","1120","CAPITAL","CAPITAL","5400","-31.54478","-68.50799","2644213864","A"
"492","GRAL. PAZ","44","CAPITAL","CAPITAL","5400","-31.52606","-68.52041","2644201520","V"
"493","MATIAS ZAVALLA","205","CAPITAL","CAPITAL","5400","-31.53014","-68.54919","2644267743","V"
"494","LAPRIDA","348","CAPITAL","CAPITAL","5400","-31.54076","-68.52933","No registrado","V"
"495","TUCUMAN 575 (N) CP:5400","575","CAPITAL","CAPITAL","5400","-31.52662","-68.5238","2644215223","V"
"496","GUEMES","44","CAPITAL","CAPITAL","5400","-31.53518","-68.52718","2644229025","V"
"497","IGNACIO RODRIGUEZ","131","CAPITAL","CAPITAL","5400","-31.53512","-68.54423","2644221686","V"
"498","AV. CORDOBA","728","CAPITAL","CAPITAL","5400","-31.53934","-68.5156","2645297724","V"
"499","AV. CORDOBA","232","CAPITAL","CAPITAL","5400","-31.54017","-68.5221","2644220580","V"
"500","AV. PAULA ALBARRACIN DE SARMIENTO","255","CAPITAL","CAPITAL","5400","-31.53372","-68.55314","2644230560","V"
"501","JOAQUIN V. GONZALEZ","127","DESAMPARADOS","CAPITAL","5400","-31.52956","-68.56578","2644430595","v"
"502","SANTA FE 158, ESTE","158","CAPITAL","CAPITAL","5400","-31.53871","-68.5234","2644204544","v"
"503","ALVEAR","24","CAPITAL","CAPITAL","5400","-31.53155","-68.55107","No registrado","v"
"504","SANTA FE","295","CAPITAL","CAPITAL","5400","-31.53881","-68.52157","2644210306","v"
"505","LAPRIDA","54","CAPITAL","CAPITAL","5400","-31.53514","-68.52516","2645143803","v"
"506","25 DE MAYO","125","CAPITAL","CAPITAL","5400","-31.54691","-68.52506","2644220494","v"
"507","25 DE MAYO","959","CAPITAL","CAPITAL","5400","-31.53096","-68.54083","2644277512","V"
"508","ESTEBAN ECHEVERRIA","187","CAPITAL","CAPITAL","5400","-31.5304","-68.56344","2644261110","V"
"509","MATIAS ZAVALLA","205","CAPITAL","CAPITAL","5400","-31.53012","-68.54921","2646046066","v"
"510","MENDOZA","1640","B° ANDACOLLO","CHIMBAS","5413","-31.49191","-68.53221","2644313622","V"
"511","NEUQUEN","103","CHIMBAS","CHIMBAS","5413","-31.50572","-68.53323","2644311922","V"
"512","FRAY JUSTO STA. MARIA DE ORO","291","VILLA ABERASTAIN (POC)","POCITO","5427","-31.65746","-68.58117","2644464115","V"
"513","BOULEVARD SARMIENTO","489","VILLA KRAUSE","RAWSON","5425","-31.51304","-68.50682","2644241505","V"
"514","MONSENOR ORZALI","S/N","B° MONSENOR ORZALI","RAWSON","5425","-31.57182","-68.54076","2644285206","V"
"515","YAPEYU","824","B° CAPITAN LAZO","RAWSON","5425","-31.56621","-68.53999","2644240448","V"
"516","HIOPLITO IRIGOYEN","1030","RAWSON","RAWSON","5425","-31.5576","-68.56812","2644342244","V"
"517","MENDOZA","3368","B° RESIDENCIAL","RAWSON","5425","-31.57435","-68.5308","2644288230","V"
"518","SANTA ROSA Y SIVORI","S/N","VILLA KRAUSE","RAWSON","5425","-31.57756","-68.54106","2644816872","V"
"519","GENOVA","1501","RAWSON","RAWSON","5425","-31.55935","-68.53708","2644242222","V"
"520","COMANDANTE CABOT","112","RAWSON","RAWSON","5425","-31.55995","-68.52622","2644224134","V"
"521","CALVENTO","339","RAWSON","RAWSON","5425","-31.5797","-68.53821","2644281128","V"
"522","AV. LIBERTADOR GRAL. SAN MARTIN","5059","RIVADAVIA","RIVADAVIA","5407","-31.52957","-68.59056","2644332533","V"
"523","FLORENTINO AMEGUINO","334","CAPITAL","CAPITAL","5400","-31.53644","-68.54696","No registrado","v"
"524","25 DE MAYO","470","CAPITAL","CAPITAL","5400","-31.53229","-68.53317","2646609996","V"
"525","ARNOBIO SANCHEZ","1620","B° PARQUE RIVADAVIA NORTE","RIVADAVIA","5407","-31.51369","-68.58481","2644234736","V"
"526","AV. IGNACIO DE LA ROZA","1516","RIVADAVIA","RIVADAVIA","5407","-31.52827","-68.57752","2644292366","V"
"527","CALLEJON DE LOS RIOS S/N","S/N","RIVADAVIA","RIVADAVIA","5407","-31.51192","-68.60207","2644234305","V"
"528","PABLO DMARCO","5756","B° CAMUS","RIVADAVIA","5407","-31.53183","-68.59809","2644331198","V"
"529","AV. LIBERTADOR GRAL. SAN MARTIN","3880","RIVADAVIA","RIVADAVIA","5407","-31.5284","-68.57746","2644235013","V"
"530","AV. LIBERTADOR GENERAL SAN MARTIN","3880","RIVADAVIA","RIVADAVIA","5407","-31.5284","-68.57746","2644235013","V"
"531","HIPOLITO IRIGOYEN","1273","VILLA SAN FRANCISCO","RIVADAVIA","5400","-31.54342","-68.56649","2644266794","O"
"532","HIPOLITO IRIGOYEN","2269","RIVADAVIA","RIVADAVIA","5407","-31.553565","-68.56708","2644464977","A"
"533","SARGENTO CABRAL","4995","RIVADAVIA","RIVADAVIA","5407","-31.51571","-68.58803","2644212951","V"
"534","MEGLIOLI","372","B° HAUZIHUL","RIVADAVIA","5407","-31.5294","-68.59425","2644237647","V"
"535","LOS ALAMOS","528","RIVADAVIA","RIVADAVIA","5407","-31.53361","-68.57909","2644836941","V"
"536","AV. RAWSON","S/N","LA PUNTILLA","SAN MARTIN","5439","-31.55386","-68.33936","2644971266","V"
"537","MARTINEZ LOPEZ","S/N","MEDIAGUA","SARMIENTO","5435","-31.98139","-68.42592","2644941538","V"
"538","RAMON FRANCO","2119","SANTA LUCIA","SANTA LUCIA","5411","-31.53876","-68.49735","2644253757","V"
"539","PELLEGRINI","3700","SANTA LUCIA","SANTA LUCIA","5411","-31.53997","-68.47811","2645124603","V"
"540","PELAGIO LUNA","312","SANTA LUCIA","SANTA LUCIA","5411","-31.53777","-68.49113","2644251289","V"
"541","SARMIENTO","1951","SANTA LUCIA","SANTA LUCIA","5411","-31.53663","-68.50011","2644253161","V"
"542","9 DE JULIO Y RAWSON","S/N","VILLA SANTA ROSA","25 DE MAYO","5443","-31.74376","-68.3152","2644978013","Y"
"543","AV. LEANDRO ALEM","758","CAPITAL","CAPITAL","5400","-31.543732516206365","-68.5310098164988","","A"
"544","EL CEIBO Y LOS ZORZALES ","S/N","MARQUESADO","RIVADAVIA","5407","-31.513627","-68.614079","","O"
"545","INTERNA ","S/N","B° SANTA MARIA CONJUNTO 3","CHIMBAS","5413","-31.47594","-68.50784","","S"